batch_size,classic_time_ms,classic_memory_gb,flash_time_ms,flash_memory_gb,time_speedup,memory_ratio
4,1.281752586364746,0.49089574813842773,1.03965425491333,0.2683544158935547,1.2328642722398115,1.8292814243576532
8,1.6416516304016113,0.9102950096130371,1.0906908512115479,0.46460914611816406,1.5051484374129038,1.9592705335626814
16,2.647763252258301,1.6866965293884277,1.1499168872833252,0.7956981658935547,2.302569239167913,2.1197692814765987
32,4.956201076507568,3.240128993988037,2.1639153957366943,1.458505630493164,2.2903857915481276,2.2215402712517833
64,9.576297044754028,6.345597743988037,4.110454797744751,2.782724380493164,2.329741480190507,2.2803543852458175
