batch_size,classic_time_ms,classic_memory_gb,flash_time_ms,flash_memory_gb,time_speedup,memory_ratio
4,4.8267295360565186,2.3153395652770996,4.581790208816528,1.2713260650634766,1.0534593065323385,1.821200421279411
8,6.033768892288208,4.33212423324585,5.401177883148193,2.229341506958008,1.1171209359931866,1.9432304201598711
16,9.054169654846191,8.372406959533691,7.21587610244751,4.143052577972412,1.2547568065609056,2.0208304871745324
32,16.123308658599854,16.460174560546875,11.60726809501648,7.936899662017822,1.3890700659806687,2.0738796332927505
64,30.5938560962677,32.6310715675354,21.60727334022522,15.572091102600098,1.4159054506573299,2.0954842450213342
