seqlen,Triton-Win-Attn-2 (TFLOPS),PyTorch-Win-Attn-2 (TFLOPS),PyTorch-Compile-Win-Attn-2 (TFLOPS)
64.000000,3.038052,1.990283,3.010294
144.000000,8.984541,6.726792,11.243203
256.000000,17.051528,9.160914,13.411565
576.000000,21.791638,11.140041,14.966453
