seqlen,Triton-Win-Attn-2 (TFLOPS),PyTorch-Win-Attn-2 (TFLOPS),PyTorch-Compile-Win-Attn-2 (TFLOPS)
64.000000,1.492991,0.527437,1.300924
144.000000,2.925780,1.573005,2.817697
256.000000,5.323620,1.966782,3.248295
