seqlen,Triton-Win-Attn-2 (TFLOPS),PyTorch-Win-Attn-2 (TFLOPS),PyTorch-Compile-Win-Attn-2 (TFLOPS)
64.000000,0.424979,0.237912,0.344101
144.000000,2.049283,1.256050,1.779999
256.000000,6.238038,3.914041,5.196168
576.000000,17.855961,9.685572,9.634067
1024.000000,27.179007,11.627007,10.594070
1600.000000,26.953364,10.265102,10.712987
