seqlen,Triton-Win-Attn-2 (ms),PyTorch-Win-Attn-2 (ms),PyTorch-Compile-Win-Attn-2 (ms)
64.000000,0.025115,0.244602,0.081045
144.000000,0.080470,0.553995,0.303027
256.000000,0.140331,1.414498,0.845888
