seqlen,Triton-Win-Attn-2 (TFLOPS),PyTorch-Win-Attn-2 (TFLOPS),PyTorch-Compile-Win-Attn-2 (TFLOPS)
64.000000,13.464734,2.446222,3.481932
144.000000,31.249029,6.201724,11.256812
256.000000,59.675008,8.161926,10.672897
576.000000,67.827896,9.148721,10.877210
