seqlen,Triton-Win-Attn-2 (TFLOPS),PyTorch-Win-Attn-2 (TFLOPS),PyTorch-Compile-Win-Attn-2 (TFLOPS)
64.000000,12.755999,2.507351,4.362872
144.000000,31.264067,6.218507,11.336327
256.000000,59.600944,8.182041,10.588243
576.000000,67.690875,9.159256,10.867108
