seqlen,Triton-Win-Attn-2 (ms),PyTorch-Win-Attn-2 (ms),PyTorch-Compile-Win-Attn-2 (ms)
64.000000,0.430621,1.108896,0.593191
144.000000,1.078613,2.006330,1.126077
256.000000,1.874361,5.138747,3.097986
