seqlen,Triton-Win-Attn-2 (TFLOPS),PyTorch-Win-Attn-2 (TFLOPS),PyTorch-Compile-Win-Attn-2 (TFLOPS)
64.000000,1.655494,0.291754,0.393050
144.000000,10.544708,1.544369,2.032577
256.000000,32.940948,4.904978,6.267566
576.000000,60.008250,8.185750,9.715132
1024.000000,66.039187,9.506836,10.116394
1600.000000,69.211875,6.889745,9.732743
