seqlen,Triton-Win-Attn-2 (ms),PyTorch-Win-Attn-2 (ms),PyTorch-Compile-Win-Attn-2 (ms)
64.000000,0.073051,0.331052,0.216278
144.000000,0.136381,0.684884,0.376837
256.000000,0.225659,1.643861,1.268625
576.000000,1.007354,7.416035,6.249116
