seqlen,Triton-Win-Attn-2 (ms),PyTorch-Win-Attn-2 (ms),PyTorch-Compile-Win-Attn-2 (ms)
64.000000,0.821946,1.341010,0.903562
144.000000,1.346166,1.899014,1.145986
256.000000,1.911183,4.405159,3.021012
576.000000,6.902802,18.308498,13.651364
