seqlen,Triton-Win-Attn-2 (ms),PyTorch-Win-Attn-2 (ms),PyTorch-Compile-Win-Attn-2 (ms)
64.000000,0.076342,0.368250,0.235426
144.000000,0.136621,0.694966,0.378101
256.000000,0.225497,1.657509,1.258792
576.000000,1.008851,7.429693,6.243207
