seqlen,Triton-Win-Attn-2 (TFLOPS),PyTorch-Win-Attn-2 (TFLOPS),PyTorch-Compile-Win-Attn-2 (TFLOPS)
64.000000,3.087920,1.858921,2.827765
144.000000,9.265409,6.728764,11.078374
256.000000,21.148046,9.139889,13.322069
576.000000,29.593104,11.131188,14.941797
