seqlen,Triton-Win-Attn-2 (TFLOPS),PyTorch-Win-Attn-2 (TFLOPS),PyTorch-Compile-Win-Attn-2 (TFLOPS)
64.000000,8.597143,0.893434,2.638847
144.000000,13.243012,1.921444,3.525639
256.000000,23.980848,2.390360,3.975517
