seqlen,Triton-Win-Attn-2 (ms),PyTorch-Win-Attn-2 (ms),PyTorch-Compile-Win-Attn-2 (ms)
64.000000,0.818384,1.250394,0.839067
144.000000,1.420439,1.896684,1.122333
256.000000,2.367246,4.412619,3.002809
576.000000,9.336985,18.286245,13.609075
